-- phpMyAdmin SQL Dump
-- version 4.9.0.1
-- https://www.phpmyadmin.net/
--
-- Host: 127.0.0.1
-- Generation Time: Sep 03, 2019 at 07:57 AM
-- Server version: 10.3.15-MariaDB
-- PHP Version: 7.3.6

SET SQL_MODE = "NO_AUTO_VALUE_ON_ZERO";
SET AUTOCOMMIT = 0;
START TRANSACTION;
SET time_zone = "+00:00";


/*!40101 SET @OLD_CHARACTER_SET_CLIENT=@@CHARACTER_SET_CLIENT */;
/*!40101 SET @OLD_CHARACTER_SET_RESULTS=@@CHARACTER_SET_RESULTS */;
/*!40101 SET @OLD_COLLATION_CONNECTION=@@COLLATION_CONNECTION */;
/*!40101 SET NAMES utf8mb4 */;

--
-- Database: `tas`
--

-- --------------------------------------------------------

--
-- Table structure for table `customer`
--

CREATE TABLE `customer` (
  `cus_ac_code` int(6) UNSIGNED ZEROFILL NOT NULL,
  `c_name` varchar(255) NOT NULL,
  `c_tele_no` varchar(255) DEFAULT NULL,
  `c_email` varchar(255) DEFAULT NULL,
  `c_address_one` varchar(255) DEFAULT NULL,
  `c_address_two` varchar(255) DEFAULT NULL,
  `c_datetime` timestamp NOT NULL DEFAULT current_timestamp(),
  `c_updated_at` timestamp NOT NULL DEFAULT current_timestamp()
) ENGINE=InnoDB DEFAULT CHARSET=latin1;

--
-- Dumping data for table `customer`
--

INSERT INTO `customer` (`cus_ac_code`, `c_name`, `c_tele_no`, `c_email`, `c_address_one`, `c_address_two`, `c_datetime`, `c_updated_at`) VALUES
(000001, 'Direct Customer', '', '', '', NULL, '2019-07-30 07:39:45', '2019-09-03 05:38:51'),
(000002, 'MHM. Najathi', '0754141331', 'najathi@live.com', '45,   Main Street,kky-6. ', '30110', '2019-07-30 07:41:34', '2019-09-03 05:38:51'),
(000003, 'MHM. Naharni', '0756007036', 'naharni@gmail.com', 'No. 7/1, ABH. Lane, ', 'Kattankudy -06. 30100.', '2019-07-31 10:16:39', '2019-09-03 05:38:51'),
(000004, 'MHF. Nazaaha', '0754896563', 'cccccccccc@hb.gh', 'saithamaruthuu', '', '2019-08-03 12:26:27', '2019-09-03 05:38:51'),
(000005, 'Badree', '0778899663', 'badree@gmail.com', 'kattankudy', '', '2019-08-04 11:33:05', '2019-09-03 05:38:51'),
(000006, 'tututututu', 'tutu', 'tutu', 'dfdxfggggfg', NULL, '2019-08-04 11:33:10', '2019-09-03 05:38:51'),
(000007, 'tututututuut', 'utut', 'tutut', 'ututut', NULL, '2019-08-04 11:33:15', '2019-09-03 05:38:51'),
(000008, 'tututututut', 'tututu', 'tututu', 'tututut', '', '2019-08-04 11:33:22', '2019-09-03 05:38:51'),
(000009, 'tututu', 'tutuututt', 'ututut', 'ututu', '', '2019-08-04 11:33:28', '2019-09-03 05:38:51'),
(000010, 'ututut', 'ututu', 'tutu', 'tututut', '', '2019-08-04 11:33:34', '2019-09-03 05:38:51'),
(000011, 'Najathi', '074141331', 'najathi@live.com', '#7/1, ABH. Lane,', 'Kattankudy -06. 30110.', '2019-08-04 11:33:41', '2019-09-03 05:38:51'),
(000012, 'Nahaarni', '0756007036', 'vdvdvd@dgdg.hfhf', 'fhfhfhf', 'hfhfhf', '2019-08-04 11:34:28', '2019-09-03 05:38:51'),
(000013, 'dbff', '45454545', 'gdgdg', 'dgdgd', 'eege', '2019-08-13 16:08:53', '2019-09-03 05:38:51'),
(000014, 'dvdvd', 'vdvd', 'hf@edgdg.hgh', 'dvdvd', 'vdv', '2019-08-18 18:17:46', '2019-09-03 05:38:51'),
(000015, 'vdvdvd', 'ddfdfdf', 'highths', 'gjjj', 'hjhjhjh', '0000-00-00 00:00:00', '2019-09-03 05:38:51'),
(000016, 'vdvdvd', 'ddfdfdf', 'highths', 'gjjj', 'hjhjhjh', '0000-00-00 00:00:00', '2019-09-03 05:38:51'),
(000017, 'vdvdvd', 'ddfdfdf', 'highths', 'gjjj', 'hjhjhjh', '0000-00-00 00:00:00', '2019-09-03 05:38:51'),
(000019, 'fhfh', 'ddfdfdf', 'highths', 'gjjj', 'hjhjhjh', '0000-00-00 00:00:00', '2019-09-03 05:47:24'),
(000020, 'vdvdvd', 'ddfdfdf', 'highths', 'gjjj', 'hjhjhjh', '0000-00-00 00:00:00', '2019-09-03 05:38:51'),
(000022, 'grgrg', 'rgrgr', 'grgrgrg@HG.KK', 'rgrgrg', 'rgr', '2019-09-01 07:21:23', '2019-09-03 05:38:51');

-- --------------------------------------------------------

--
-- Table structure for table `exchange_order`
--

CREATE TABLE `exchange_order` (
  `ex_id` int(6) UNSIGNED ZEROFILL NOT NULL,
  `xo_date` date NOT NULL,
  `customer` int(6) UNSIGNED ZEROFILL DEFAULT NULL,
  `counter_staff` varchar(255) NOT NULL,
  `pass_name` varchar(255) NOT NULL,
  `ticket_no` varchar(255) NOT NULL,
  `booking_ref` varchar(255) NOT NULL,
  `ticket_date` date NOT NULL,
  `supplier` int(6) UNSIGNED ZEROFILL DEFAULT NULL,
  `basicc` decimal(15,2) NOT NULL,
  `yq` decimal(15,2) NOT NULL,
  `yr` decimal(15,2) NOT NULL,
  `tax_3` decimal(15,2) NOT NULL,
  `tax_4` decimal(15,2) NOT NULL,
  `total_tax` decimal(15,2) NOT NULL,
  `supp_charge` decimal(15,2) NOT NULL,
  `service_amt` decimal(15,2) NOT NULL,
  `net_profit` decimal(15,2) NOT NULL,
  `net_due` decimal(15,2) NOT NULL,
  `net_to_supplier` decimal(15,2) NOT NULL,
  `from_to` varchar(255) NOT NULL,
  `class_code` varchar(255) NOT NULL,
  `airline_code` varchar(255) NOT NULL,
  `flight_no` varchar(255) NOT NULL,
  `depart_date` date NOT NULL,
  `ex_created_at` timestamp NOT NULL DEFAULT current_timestamp(),
  `ex_updated_at` timestamp NOT NULL DEFAULT current_timestamp(),
  `invoice` int(1) NOT NULL DEFAULT 0
) ENGINE=InnoDB DEFAULT CHARSET=latin1;

--
-- Dumping data for table `exchange_order`
--

INSERT INTO `exchange_order` (`ex_id`, `xo_date`, `customer`, `counter_staff`, `pass_name`, `ticket_no`, `booking_ref`, `ticket_date`, `supplier`, `basicc`, `yq`, `yr`, `tax_3`, `tax_4`, `total_tax`, `supp_charge`, `service_amt`, `net_profit`, `net_due`, `net_to_supplier`, `from_to`, `class_code`, `airline_code`, `flight_no`, `depart_date`, `ex_created_at`, `ex_updated_at`, `invoice`) VALUES
(000068, '2019-08-13', 000004, 'cvcvcv', 'cvcvc', 'vcvcv', '', '2019-08-20', 000003, '656.00', '56565.00', '656.00', '565.00', '5656.00', '565656.00', '565.00', '6565.00', '656.00', '565656.00', '65565.00', 'zcxcxcxc', 'xcxcx', 'cxcx', 'c', '2019-08-13', '2019-08-16 08:12:10', '2019-09-03 05:17:43', 0),
(000069, '2019-08-13', 000004, 'cvcvcv', 'cvcvc', 'vcvcv', '', '2019-08-20', 000003, '656.00', '56565.00', '656.00', '565.00', '5656.00', '565656.00', '565.00', '6565.00', '656.00', '565656.00', '65565.00', 'zcxcxcxc', 'xcxcx', 'cxcx', 'c', '2019-08-13', '2019-08-16 08:12:10', '2019-09-03 05:17:43', 0),
(000070, '2019-08-13', 000004, 'cvcvcv', 'cvcvc', 'vcvcv', '', '2019-08-20', 000003, '656.00', '56565.00', '656.00', '565.00', '5656.00', '565656.00', '565.00', '6565.00', '656.00', '565656.00', '65565.00', 'zcxcxcxc', 'xcxcx', 'cxcx', 'c', '2019-08-13', '2019-08-16 08:12:10', '2019-09-03 05:17:43', 0),
(000071, '2019-08-13', 000004, 'cvcvcv', 'cvcvc', 'vcvcv', '', '2019-08-20', 000003, '656.00', '56565.00', '656.00', '565.00', '5656.00', '565656.00', '565.00', '6565.00', '656.00', '565656.00', '65565.00', 'zcxcxcxc', 'xcxcx', 'cxcx', 'c', '2019-08-13', '2019-08-16 08:12:10', '2019-09-03 05:17:43', 0),
(000072, '2019-08-13', 000004, 'cvcvcv', 'cvcvc', 'vcvcv', '', '2019-08-20', 000003, '656.00', '56565.00', '656.00', '565.00', '5656.00', '565656.00', '565.00', '6565.00', '656.00', '565656.00', '65565.00', 'zcxcxcxc', 'xcxcx', 'cxcx', 'c', '2019-08-13', '2019-08-16 08:12:10', '2019-09-03 05:17:43', 0),
(000073, '2019-08-13', 000004, 'cvcvcv', 'cvcvc', 'vcvcv', '', '2019-08-20', 000003, '656.00', '56565.00', '656.00', '565.00', '5656.00', '565656.00', '565.00', '6565.00', '656.00', '565656.00', '65565.00', 'zcxcxcxc', 'xcxcx', 'cxcx', 'c', '2019-08-13', '2019-08-16 08:12:10', '2019-09-03 05:17:43', 0),
(000074, '2019-08-13', 000004, 'cvcvcv', 'cvcvc', 'vcvcv', '', '2019-08-20', 000003, '656.00', '56565.00', '656.00', '565.00', '5656.00', '565656.00', '565.00', '6565.00', '656.00', '565656.00', '65565.00', 'zcxcxcxc', 'xcxcx', 'cxcx', 'c', '2019-08-13', '2019-08-16 08:12:10', '2019-09-03 05:17:43', 0),
(000075, '2019-08-13', 000004, 'cvcvcv', 'cvcvc', 'vcvcv', '', '2019-08-20', 000003, '656.00', '56565.00', '656.00', '565.00', '5656.00', '565656.00', '565.00', '6565.00', '656.00', '565656.00', '65565.00', 'zcxcxcxc', 'xcxcx', 'cxcx', 'c', '2019-08-13', '2019-08-16 08:12:10', '2019-09-03 05:17:43', 0),
(000077, '2019-08-13', 000004, 'cvcvcv', 'cvcvc', 'vcvcv', '', '2019-08-20', 000003, '656.00', '56565.00', '656.00', '565.00', '5656.00', '565656.00', '565.00', '6565.00', '656.00', '565656.00', '65565.00', 'zcxcxcxc', 'xcxcx', 'cxcx', 'c', '2019-08-13', '2019-08-16 08:12:10', '2019-09-03 05:17:43', 0),
(000078, '2019-08-13', 000004, 'cvcvcv', 'cvcvc', 'vcvcv', '', '2019-08-20', 000003, '656.00', '56565.00', '656.00', '565.00', '5656.00', '565656.00', '565.00', '6565.00', '656.00', '565656.00', '65565.00', 'zcxcxcxc', 'xcxcx', 'cxcx', 'c', '2019-08-13', '2019-08-16 08:12:10', '2019-09-03 05:17:43', 0),
(000079, '2019-08-13', 000004, 'cvcvcv', 'cvcvc', 'vcvcv', '', '2019-08-20', 000003, '656.00', '56565.00', '656.00', '565.00', '5656.00', '565656.00', '565.00', '6565.00', '656.00', '565656.00', '65565.00', 'zcxcxcxc', 'xcxcx', 'cxcx', 'c', '2019-08-13', '2019-08-16 08:12:10', '2019-09-03 05:17:43', 0),
(000082, '2019-08-13', 000004, 'cvcvcv', 'cvcvc', 'vcvcv', '', '2019-08-20', 000003, '656.00', '56565.00', '656.00', '565.00', '5656.00', '565656.00', '565.00', '6565.00', '656.00', '565656.00', '65565.00', 'zcxcxcxc', 'xcxcx', 'cxcx', 'c', '2019-08-13', '2019-08-16 08:12:10', '2019-09-03 05:17:43', 0),
(000085, '2019-08-13', 000004, 'cvcvcv', 'cvcvc', 'vcvcv', '', '2019-08-20', 000003, '656.00', '56565.00', '656.00', '565.00', '5656.00', '565656.00', '565.00', '6565.00', '656.00', '565656.00', '65565.00', 'zcxcxcxc', 'xcxcx', 'cxcx', 'c', '2019-08-13', '2019-08-16 08:12:10', '2019-09-03 05:17:43', 0),
(000086, '2019-08-13', 000004, 'cvcvcv', 'cvcvc', 'vcvcv', '', '2019-08-20', 000003, '656.00', '56565.00', '656.00', '565.00', '5656.00', '565656.00', '565.00', '6565.00', '656.00', '565656.00', '65565.00', 'zcxcxcxc', 'xcxcx', 'cxcx', 'c', '2019-08-13', '2019-08-16 08:12:10', '2019-09-03 05:17:43', 0),
(000087, '2019-08-13', 000004, 'cvcvcv', 'cvcvc', 'vcvcv', '', '2019-08-20', 000003, '656.00', '56565.00', '656.00', '565.00', '5656.00', '565656.00', '565.00', '6565.00', '656.00', '565656.00', '65565.00', 'zcxcxcxc', 'xcxcx', 'cxcx', 'c', '2019-08-13', '2019-08-16 08:12:10', '2019-09-03 05:17:43', 0),
(000089, '2019-08-13', 000004, 'cvcvcv', 'cvcvc', 'vcvcv', '', '2019-08-20', 000003, '656.00', '56565.00', '656.00', '565.00', '5656.00', '565656.00', '565.00', '6565.00', '656.00', '565656.00', '65565.00', 'zcxcxcxc', 'xcxcx', 'cxcx', 'c', '2019-08-13', '2019-08-16 08:12:10', '2019-09-03 05:17:43', 0),
(000090, '2019-08-13', 000004, 'cvcvcv', 'Najathi', 'vcvcv', '', '2019-08-20', 000003, '656.00', '56565.00', '656.00', '565.00', '5656.00', '565656.00', '565.00', '6565.00', '656.00', '565656.00', '65565.00', 'zcxcxcxc', 'xcxcx', 'cxcx', 'c', '2019-08-13', '2019-08-16 08:12:10', '2019-09-03 05:17:43', 0),
(000091, '2019-08-13', 000004, 'cvcvcv', 'cvcvc', 'vcvcv', '', '2019-08-20', 000003, '656.00', '56565.00', '656.00', '565.00', '5656.00', '565656.00', '565.00', '6565.00', '656.00', '565656.00', '65565.00', 'zcxcxcxc', 'xcxcx', 'cxcx', 'c', '2019-08-13', '2019-08-16 08:12:10', '2019-09-03 05:17:43', 0),
(000092, '2019-08-13', 000004, 'cvcvcv', 'cvcvc', 'vcvcv', '', '2019-08-20', 000003, '656.00', '56565.00', '656.00', '565.00', '5656.00', '565656.00', '565.00', '6565.00', '656.00', '565656.00', '65565.00', 'zcxcxcxc', 'xcxcx', 'cxcx', 'c', '2019-08-13', '2019-08-16 08:12:10', '2019-09-03 05:17:43', 0),
(000093, '2019-08-13', 000004, 'cvcvcv', 'cvcvc', 'vcvcv', 'tty6776', '2019-08-20', 000003, '656.00', '56565.00', '656.00', '565.00', '5656.00', '565656.00', '565.00', '6565.00', '656.00', '565656.00', '65565.00', 'zcxcxcxc', 'xcxcx', 'cxcx', 'c', '2019-08-13', '2019-08-16 08:12:10', '2019-09-03 05:17:43', 0),
(000094, '2019-08-13', 000004, 'cvcvcv', 'cvcvc', 'vcvcv', '', '2019-08-20', 000003, '656.00', '56565.00', '656.00', '565.00', '5656.00', '565656.00', '565.00', '6565.00', '656.00', '565656.00', '65565.00', 'zcxcxcxc', 'xcxcx', 'cxcx', 'c', '2019-08-13', '2019-08-16 08:12:10', '2019-09-03 05:17:43', 0),
(000096, '2019-08-13', 000004, 'cvcvcv', 'cvcvc', 'vcvcv', '', '2019-08-20', 000003, '656.00', '56565.00', '656.00', '565.00', '5656.00', '565656.00', '565.00', '6565.00', '656.00', '565656.00', '65565.00', 'zcxcxcxc', 'xcxcx', 'cxcx', 'c', '2019-08-13', '2019-08-16 08:12:10', '2019-09-03 05:17:43', 0),
(000098, '2019-08-13', 000004, 'cvcvcv', 'cvcvc', 'vcvcv', '', '2019-08-20', 000003, '656.00', '56565.00', '656.00', '565.00', '5656.00', '565656.00', '565.00', '6565.00', '656.00', '565656.00', '65565.00', 'zcxcxcxc', 'xcxcx', 'cxcx', 'c', '2019-08-13', '2019-08-16 08:12:10', '2019-09-03 05:17:43', 0),
(000099, '2019-08-13', 000004, 'cvcvcv', 'cvcvc', 'vcvcv', '', '2019-08-20', 000003, '656.00', '56565.00', '656.00', '565.00', '5656.00', '565656.00', '565.00', '6565.00', '656.00', '565656.00', '65565.00', 'zcxcxcxc', 'xcxcx', 'cxcx', 'c', '2019-08-13', '2019-08-16 08:12:10', '2019-09-03 05:17:43', 0),
(000100, '2019-08-13', 000004, 'cvcvcv', 'cvcvc', 'vcvcv', '', '2019-08-20', 000003, '656.00', '56565.00', '656.00', '565.00', '5656.00', '565656.00', '565.00', '6565.00', '656.00', '565656.00', '65565.00', 'zcxcxcxc', 'xcxcx', 'cxcx', 'c', '2019-08-13', '2019-08-16 08:12:10', '2019-09-03 05:17:43', 0),
(000101, '2019-08-13', 000004, 'cvcvcv', 'cvcvc', 'vcvcv', '', '2019-08-20', 000003, '656.00', '56565.00', '656.00', '565.00', '5656.00', '565656.00', '565.00', '6565.00', '656.00', '565656.00', '65565.00', 'zcxcxcxc', 'xcxcx', 'cxcx', 'c', '2019-08-13', '2019-08-16 08:12:10', '2019-09-03 05:17:43', 0),
(000102, '2019-08-13', 000004, 'cvcvcv', 'cvcvc', 'vcvcv', '', '2019-08-20', 000003, '656.00', '56565.00', '656.00', '565.00', '5656.00', '565656.00', '565.00', '6565.00', '656.00', '565656.00', '65565.00', 'zcxcxcxc', 'xcxcx', 'cxcx', 'c', '2019-08-13', '2019-08-16 08:12:10', '2019-09-03 05:17:43', 0),
(000103, '2019-08-13', 000004, 'cvcvcv', 'cvcvc', 'vcvcv', '', '2019-08-20', 000003, '656.00', '56565.00', '656.00', '565.00', '5656.00', '565656.00', '565.00', '6565.00', '656.00', '565656.00', '65565.00', 'zcxcxcxc', 'xcxcx', 'cxcx', 'c', '2019-08-13', '2019-08-16 08:12:10', '2019-09-03 05:17:43', 0),
(000104, '2019-08-13', 000004, 'cvcvcv', 'cvcvc', 'vcvcv', '', '2019-08-20', 000003, '656.00', '56565.00', '656.00', '565.00', '5656.00', '565656.00', '565.00', '6565.00', '656.00', '565656.00', '65565.00', 'zcxcxcxc', 'xcxcx', 'cxcx', 'c', '2019-08-13', '2019-08-16 08:12:10', '2019-09-03 05:17:43', 0),
(000105, '2019-08-13', 000004, 'cvcvcv', 'cvcvc', 'vcvcv', '', '2019-08-20', 000003, '656.00', '56565.00', '656.00', '565.00', '5656.00', '565656.00', '565.00', '6565.00', '656.00', '565656.00', '65565.00', 'zcxcxcxc', 'xcxcx', 'cxcx', 'c', '2019-08-13', '2019-08-16 08:12:10', '2019-09-03 05:17:43', 0),
(000106, '2019-08-13', 000004, 'cvcvcv', 'cvcvc', 'vcvcv', '', '2019-08-20', 000003, '656.00', '56565.00', '656.00', '565.00', '5656.00', '565656.00', '565.00', '6565.00', '656.00', '565656.00', '65565.00', 'zcxcxcxc', 'xcxcx', 'cxcx', 'c', '2019-08-13', '2019-08-16 08:12:10', '2019-09-03 05:17:43', 0),
(000107, '2019-08-13', 000004, 'cvcvcv', 'cvcvc', 'vcvcv', '', '2019-08-20', 000003, '656.00', '56565.00', '656.00', '565.00', '5656.00', '565656.00', '565.00', '6565.00', '656.00', '565656.00', '65565.00', 'zcxcxcxc', 'xcxcx', 'cxcx', 'c', '2019-08-13', '2019-08-16 08:12:10', '2019-09-03 05:17:43', 0),
(000108, '2019-08-13', 000004, 'cvcvcv', 'cvcvc', 'vcvcv', '', '2019-08-20', 000003, '656.00', '56565.00', '656.00', '565.00', '5656.00', '565656.00', '565.00', '6565.00', '656.00', '565656.00', '65565.00', 'zcxcxcxc', 'xcxcx', 'cxcx', 'c', '2019-08-13', '2019-08-16 08:12:10', '2019-09-03 05:17:43', 0),
(000109, '2019-08-13', 000004, 'cvcvcv', 'cvcvc', 'vcvcv', '', '2019-08-20', 000003, '656.00', '56565.00', '656.00', '565.00', '5656.00', '565656.00', '565.00', '6565.00', '656.00', '565656.00', '65565.00', 'zcxcxcxc', 'xcxcx', 'cxcx', 'c', '2019-08-13', '2019-08-16 08:12:10', '2019-09-03 05:17:43', 0),
(000110, '2019-08-13', 000004, 'cvcvcv', 'cvcvc', 'vcvcv', '', '2019-08-20', 000003, '656.00', '56565.00', '656.00', '565.00', '5656.00', '565656.00', '565.00', '6565.00', '656.00', '565656.00', '65565.00', 'zcxcxcxc', 'xcxcx', 'cxcx', 'c', '2019-08-13', '2019-08-16 08:12:10', '2019-09-03 05:17:43', 0),
(000111, '2019-08-13', 000004, 'cvcvcv', 'cvcvc', 'vcvcv', '', '2019-08-20', 000003, '656.00', '56565.00', '656.00', '565.00', '5656.00', '565656.00', '565.00', '6565.00', '656.00', '565656.00', '65565.00', 'zcxcxcxc', 'xcxcx', 'cxcx', 'c', '2019-08-13', '2019-08-16 08:12:10', '2019-09-03 05:17:43', 0),
(000112, '2019-08-13', 000004, 'cvcvcv', 'cvcvc', 'vcvcv', '', '2019-08-20', 000003, '656.00', '56565.00', '656.00', '565.00', '5656.00', '565656.00', '565.00', '6565.00', '656.00', '565656.00', '65565.00', 'zcxcxcxc', 'xcxcx', 'cxcx', 'c', '2019-08-13', '2019-08-16 08:12:10', '2019-09-03 05:17:43', 0),
(000113, '2019-08-13', 000004, 'cvcvcv', 'cvcvc', 'vcvcv', '', '2019-08-20', 000003, '656.00', '56565.00', '656.00', '565.00', '5656.00', '565656.00', '565.00', '6565.00', '656.00', '565656.00', '65565.00', 'zcxcxcxc', 'xcxcx', 'cxcx', 'c', '2019-08-13', '2019-08-16 08:12:10', '2019-09-03 05:17:43', 0),
(000114, '2019-08-13', 000004, 'cvcvcv', 'cvcvc', 'vcvcv', '', '2019-08-20', 000003, '656.00', '56565.00', '656.00', '565.00', '5656.00', '565656.00', '565.00', '6565.00', '656.00', '565656.00', '65565.00', 'zcxcxcxc', 'xcxcx', 'cxcx', 'c', '2019-08-13', '2019-08-16 08:12:10', '2019-09-03 05:17:43', 0),
(000115, '2019-08-13', 000004, 'cvcvcv', 'cvcvc', 'vcvcv', '', '2019-08-20', 000003, '656.00', '56565.00', '656.00', '565.00', '5656.00', '565656.00', '565.00', '6565.00', '656.00', '565656.00', '65565.00', 'zcxcxcxc', 'xcxcx', 'cxcx', 'c', '2019-08-13', '2019-08-16 08:12:10', '2019-09-03 05:17:43', 0),
(000116, '2019-08-13', 000004, 'cvcvcv', 'cvcvc', 'vcvcv', '', '2019-08-20', 000003, '656.00', '56565.00', '656.00', '565.00', '5656.00', '565656.00', '565.00', '6565.00', '656.00', '565656.00', '65565.00', 'zcxcxcxc', 'xcxcx', 'cxcx', 'c', '2019-08-13', '2019-08-16 08:12:10', '2019-09-03 05:17:43', 0),
(000117, '2019-08-13', 000004, 'cvcvcv', 'cvcvc', 'vcvcv', '', '2019-08-20', 000003, '656.00', '56565.00', '656.00', '565.00', '5656.00', '565656.00', '565.00', '6565.00', '656.00', '565656.00', '65565.00', 'zcxcxcxc', 'xcxcx', 'cxcx', 'c', '2019-08-13', '2019-08-16 08:12:10', '2019-09-03 05:17:43', 0),
(000118, '2019-08-13', 000004, 'cvcvcv', 'cvcvc', 'vcvcv', '', '2019-08-20', 000003, '656.00', '56565.00', '656.00', '565.00', '5656.00', '565656.00', '565.00', '6565.00', '656.00', '565656.00', '65565.00', 'zcxcxcxc', 'xcxcx', 'cxcx', 'c', '2019-08-13', '2019-08-16 08:12:10', '2019-09-03 05:17:43', 0),
(000120, '2019-08-13', 000004, 'cvcvcv', 'cvcvc', 'vcvcv', '', '2019-08-20', 000003, '656.00', '56565.00', '656.00', '565.00', '5656.00', '565656.00', '565.00', '6565.00', '656.00', '565656.00', '65565.00', 'zcxcxcxc', 'xcxcx', 'cxcx', 'c', '2019-08-13', '2019-08-16 08:12:10', '2019-09-03 05:17:43', 0),
(000121, '2019-08-13', 000004, 'cvcvcv', 'cvcvc', 'vcvcv', '', '2019-08-20', 000003, '656.00', '56565.00', '656.00', '565.00', '5656.00', '565656.00', '565.00', '6565.00', '656.00', '565656.00', '65565.00', 'zcxcxcxc', 'xcxcx', 'cxcx', 'c', '2019-08-13', '2019-08-16 08:12:10', '2019-09-03 05:17:43', 0),
(000123, '2019-08-13', 000004, 'cvcvcv', 'cvcvc', 'vcvcv', '', '2019-08-20', 000003, '656.00', '56565.00', '656.00', '565.00', '5656.00', '565656.00', '565.00', '6565.00', '656.00', '565656.00', '65565.00', 'zcxcxcxc', 'xcxcx', 'cxcx', 'c', '2019-08-13', '2019-08-16 08:12:10', '2019-09-03 05:17:43', 0),
(000125, '2019-08-13', 000004, 'cvcvcv', 'cvcvc', 'vcvcv', '', '2019-08-20', 000003, '656.00', '56565.00', '656.00', '565.00', '5656.00', '565656.00', '565.00', '6565.00', '656.00', '565656.00', '65565.00', 'zcxcxcxc', 'xcxcx', 'cxcx', 'c', '2019-08-13', '2019-08-16 08:12:10', '2019-09-03 05:17:43', 0),
(000126, '2019-08-13', 000004, 'cvcvcv', 'cvcvc', 'vcvcv', '', '2019-08-20', 000003, '656.00', '56565.00', '656.00', '565.00', '5656.00', '565656.00', '565.00', '6565.00', '656.00', '565656.00', '65565.00', 'zcxcxcxc', 'xcxcx', 'cxcx', 'c', '2019-08-13', '2019-08-16 08:12:10', '2019-09-03 05:17:43', 0),
(000129, '2019-08-13', 000002, 'cvcvcv', 'cvcvc', 'vcvcv', '', '2019-08-13', 000010, '656.00', '56565.00', '656.00', '565.00', '5656.00', '565656.00', '565.00', '6565.00', '656.00', '565656.00', '65565.00', 'zcxcxcxc', 'xcxcx', 'cxcx', 'c', '2019-08-13', '2019-08-16 08:12:10', '2019-09-03 05:17:43', 1),
(000130, '2019-08-13', 000003, 'cvcvcv', 'cvcvc', 'vcvcv', '', '2019-08-20', 000009, '656.00', '56565.00', '656.00', '565.00', '5656.00', '565656.00', '565.00', '6565.00', '656.00', '565656.00', '65565.00', 'zcxcxcxc', 'xcxcx', 'cxcx', 'c', '2019-08-13', '2019-08-16 08:12:10', '2019-09-03 05:17:43', 1),
(000131, '2019-08-13', 000004, 'cvcvcv', 'cvcvc', 'vcvcv', '', '2019-08-20', 000003, '656.00', '56565.00', '656.00', '565.00', '5656.00', '565656.00', '565.00', '6565.00', '656.00', '565656.00', '65565.00', 'zcxcxcxc', 'xcxcx', 'cxcx', 'c', '2019-08-13', '2019-08-16 08:12:10', '2019-09-03 05:17:43', 0),
(000132, '2019-08-13', 000004, 'cvcvcv', 'cvcvc', 'vcvcv', '', '2019-08-20', 000003, '656.00', '56565.00', '656.00', '565.00', '5656.00', '565656.00', '565.00', '6565.00', '656.00', '565656.00', '65565.00', 'zcxcxcxc', 'xcxcx', 'cxcx', 'c', '2019-08-13', '2019-08-16 08:12:10', '2019-09-03 05:17:43', 0),
(000139, '2019-08-13', 000001, 'Najathi', 'jkjkjk', 'jkjk', '', '2019-08-14', 000003, '547546.00', '65656.00', '565.00', '656.00', '6556565.00', '6623442.00', '656.00', '56.00', '56.00', '7171700.00', '7171644.00', 'hkhjkhk', 'hkh', 'khkh', 'khkhkh', '2019-08-05', '2019-08-26 16:51:24', '2019-09-03 05:17:43', 0),
(000140, '2019-08-13', 000001, 'Najathi', 'jkjkjk', 'jkjk', '', '2019-08-14', 000003, '547546.00', '65656.00', '565.00', '656.00', '6556565.00', '6623442.00', '656.00', '56.00', '56.00', '7171700.00', '7171644.00', 'hkhjkhk', 'hkh', 'khkh', 'khkhkh', '2019-08-05', '2019-08-26 16:52:09', '2019-09-03 05:17:43', 0),
(000141, '2019-08-08', 000003, 'Najathi', 'hghghg', 'hghgh', '', '2019-08-13', 000003, '53656.00', '56565.00', '656.00', '565656.00', '565.00', '623442.00', '56565.00', '64.96', '65.00', '733728.00', '733663.00', 'fghfghfg', 'fgf', 'gfgfgf', 'gfgf', '2019-08-06', '2019-08-26 16:56:21', '2019-09-03 05:17:43', 0),
(000142, '2019-08-08', 000003, 'Najathi', 'hghghg', 'hghgh', '', '2019-08-13', 000003, '53656.00', '56565.00', '656.00', '565656.00', '565.00', '623442.00', '56565.00', '64.96', '65.00', '733728.00', '733663.00', 'fghfghfg', 'fgf', 'gfgfgf', 'gfgf', '2019-08-06', '2019-08-26 16:56:30', '2019-09-03 05:17:43', 0),
(000144, '2019-08-15', 000003, 'Najathi', 'hghghghgh', 'ghghgh', '', '2019-08-14', 000003, '56565.00', '6565.00', '56.00', '6565.00', '65656.00', '78842.00', '545.00', '454454.00', '454454.00', '590406.00', '135952.00', 'hghghg', 'hgh', 'ghgh', 'ghghg', '2019-08-05', '2019-08-26 17:01:28', '2019-09-03 05:17:43', 0),
(000145, '2019-08-15', 000003, 'Najathi', 'hghghghgh', 'ghghgh', '', '2019-08-14', 000003, '56565.00', '6565.00', '56.00', '6565.00', '65656.00', '78842.00', '545.00', '454454.00', '454454.00', '590406.00', '135952.00', 'hghghg', 'hgh', 'ghgh', 'ghghg', '2019-08-05', '2019-08-26 17:01:34', '2019-09-03 05:17:43', 0),
(000147, '2019-08-13', 000003, 'Najathi', 'hjhjh', 'jhjhjh', '', '2019-03-25', 000003, '454.00', '5445.00', '4.00', '5454.00', '445.00', '11348.00', '4545.00', '5454.00', '5454.00', '21801.00', '16347.00', 'gjhghjgh', 'ghgh', 'ghg', 'hghgh', '2019-08-13', '2019-08-26 17:03:33', '2019-09-03 05:17:43', 0),
(000149, '2019-08-13', 000002, 'Najathi', 'jmjmj', 'mjmjm', 'efe', '2019-08-20', 000005, '5865656.00', '565656.00', '5656.00', '56.00', '65656565.00', '66227933.00', '55.00', '6565.00', '6565.00', '72100209.00', '72093644.00', 'gfgf', 'gfgf', 'gfgfg', 'fgfgf', '2019-08-20', '2019-08-26 17:07:06', '2019-09-03 05:36:47', 0),
(000151, '2019-08-08', 000003, 'Najathi', 'dgdgd', 'gdgdgd', 'dgdgdg', '2019-08-22', 000002, '444.00', '44.00', '44.00', '44.00', '44.00', '176.00', '74575.00', '7576.00', '7576.00', '82771.00', '75195.00', 'rgrgr', 'grg', 'rgr', 'rgrgr', '2019-08-19', '2019-08-31 16:37:20', '2019-09-03 05:17:43', 0),
(000152, '2019-08-08', 000003, 'Najathi', 'dgdgd', 'gdgdgd', 'dgdgdg', '2019-08-22', 000002, '444.00', '44.00', '44.00', '44.00', '44.00', '176.00', '74575.00', '7576.00', '7576.00', '82771.00', '75195.00', 'rgrgr', 'grg', 'rgr', 'rgrgr', '2019-08-19', '2019-08-31 16:37:45', '2019-09-03 05:17:43', 1),
(000153, '2019-08-08', 000003, 'Najathi', 'dgdgd', 'gdgdgd', 'dgdgdg', '2019-08-22', 000002, '444.00', '44.00', '44.00', '44.00', '44.00', '176.00', '74575.00', '7576.00', '7576.00', '82771.00', '75195.00', 'rgrgr', 'grg', 'rgr', 'rgrgr', '2019-08-19', '2019-08-31 16:37:52', '2019-09-03 05:17:43', 0),
(000154, '2019-08-14', 000003, 'Najathi', 'sddfhdhf', 'hfhfhfhf', 'fhfhfh', '2019-08-14', 000002, '454.00', '454545.00', '454.00', '54545.00', '5454.00', '514998.00', '5454.00', '545.00', '545.00', '521451.00', '520906.00', 'xvxvx', 'vx', 'vxvx', 'vxv', '2019-08-06', '2019-08-30 16:46:54', '2019-09-03 05:17:43', 0),
(000156, '2019-08-13', 000003, 'Najathi', 'fbfbf', 'bfbfb', 'fbfbf', '2019-08-07', 000003, '45464.00', '6464.00', '646.00', '464.00', '646464.00', '654038.00', '646.00', '64.00', '64.00', '700212.00', '700148.00', '11111', 'vdv', 'dvd', 'vdvdv', '2019-08-13', '2019-08-31 17:02:06', '2019-09-02 02:39:01', 1);

-- --------------------------------------------------------

--
-- Table structure for table `supplierr`
--

CREATE TABLE `supplierr` (
  `supp_id` int(6) UNSIGNED ZEROFILL NOT NULL,
  `supp_name` varchar(255) NOT NULL,
  `supp_tele` varchar(255) DEFAULT NULL,
  `supp_email` varchar(255) DEFAULT NULL,
  `supp_address_one` varchar(255) DEFAULT NULL,
  `supp_address_two` varchar(255) DEFAULT NULL,
  `supp_date` datetime NOT NULL DEFAULT current_timestamp(),
  `supp_updated_at` timestamp NOT NULL DEFAULT current_timestamp()
) ENGINE=InnoDB DEFAULT CHARSET=latin1;

--
-- Dumping data for table `supplierr`
--

INSERT INTO `supplierr` (`supp_id`, `supp_name`, `supp_tele`, `supp_email`, `supp_address_one`, `supp_address_two`, `supp_date`, `supp_updated_at`) VALUES
(000001, 'hfh', 'fhfh', 'fhfh', 'fhfh', 'f', '2019-09-01 22:07:07', '2019-09-03 05:40:22'),
(000002, 'Naharni', '4545445', 'ghghg', 'hghghg', '', '2019-08-18 19:05:08', '2019-09-03 05:40:22'),
(000003, 'Mohamed Faheem', '0758945369', 'faheem@gmail.com', '#45, Main Street,', 'Kattankudy - 06.', '2019-08-18 19:05:08', '2019-09-03 05:40:22'),
(000004, 'ghghg', 'hghgh', 'ghghg', 'hghghg444444', 'bcnfn', '2019-08-18 19:05:08', '2019-09-03 05:40:22'),
(000005, 'ghghg', 'hghgh', 'ghghg', 'hghghg', NULL, '2019-08-18 19:05:08', '2019-09-03 05:40:22'),
(000006, 'ghghg', 'hghgh', 'ghghg', 'hghghg', NULL, '2019-08-18 19:05:08', '2019-09-03 05:40:22'),
(000007, 'ghghg', 'hghgh', 'ghghg', 'hghghg', NULL, '2019-08-18 19:05:08', '2019-09-03 05:40:22'),
(000008, 'ghghg', 'hghgh', 'ghghg', 'hghghg', NULL, '2019-08-18 19:05:08', '2019-09-03 05:40:22'),
(000009, 'thahlan', 'gfgfg', 'fgfgf', 'gfg', '', '2019-08-18 20:07:35', '2019-09-03 05:50:15'),
(000010, 'fgfgfg', 'fggfgfg', 'fgfg', 'gfgfgfgfg', NULL, '2019-08-18 20:07:35', '2019-09-03 05:40:22'),
(000011, 'Nazzaha', 'fgfgf', 'gfgf', 'gfgfg', NULL, '2019-08-18 20:07:35', '2019-09-03 05:40:22'),
(000012, 'fgfgf', 'gfgffgf', 'gfgfg', 'fgfgfg', NULL, '2019-08-18 20:07:35', '2019-09-03 05:40:22'),
(000013, 'vfgfg', 'fgfgfg', 'fgfg', 'fgf', NULL, '2019-08-18 20:23:21', '2019-09-03 05:40:22');

-- --------------------------------------------------------

--
-- Table structure for table `users_acc`
--

CREATE TABLE `users_acc` (
  `U_ID` int(11) NOT NULL,
  `Firstname` varchar(255) NOT NULL,
  `Lastname` varchar(255) NOT NULL,
  `U_Email` varchar(255) NOT NULL,
  `U_Password` varchar(255) NOT NULL,
  `PhNo` varchar(255) NOT NULL,
  `Gender` varchar(255) NOT NULL,
  `DTime` timestamp NOT NULL DEFAULT current_timestamp(),
  `U_updated_at` timestamp NOT NULL DEFAULT current_timestamp(),
  `U_Address` varchar(255) DEFAULT NULL,
  `Designation` varchar(255) DEFAULT NULL,
  `Image` varchar(255) DEFAULT NULL,
  `user_role_id` int(1) NOT NULL DEFAULT 0
) ENGINE=InnoDB DEFAULT CHARSET=latin1;

--
-- Dumping data for table `users_acc`
--

INSERT INTO `users_acc` (`U_ID`, `Firstname`, `Lastname`, `U_Email`, `U_Password`, `PhNo`, `Gender`, `DTime`, `U_updated_at`, `U_Address`, `Designation`, `Image`, `user_role_id`) VALUES
(22, 'Mohamed', 'Najathi', 'najathi@live.com', '$2y$10$52Eg6xOLUFrwbORwN0hoy.hgL/VBsV0aftmExoFxwuAm4nxIHMxWW', '0754141331', 'Male', '2019-07-21 06:34:10', '2019-09-03 05:43:13', NULL, NULL, NULL, 1),
(23, 'Mohamed', 'Naharni', 'naharni@gmail.com', '$2y$10$8Zba1sfuOtjA3wh/5BDlaOm6VgSDbdPuqZrr3FvxSObTlXETmbDuu', '0756007036', 'Male', '2019-07-21 06:56:09', '2019-09-03 05:54:10', NULL, NULL, NULL, 0);

-- --------------------------------------------------------

--
-- Table structure for table `user_role`
--

CREATE TABLE `user_role` (
  `role_id` int(1) NOT NULL,
  `role_name` varchar(50) NOT NULL
) ENGINE=InnoDB DEFAULT CHARSET=latin1;

--
-- Dumping data for table `user_role`
--

INSERT INTO `user_role` (`role_id`, `role_name`) VALUES
(0, 'user'),
(1, 'admin');

--
-- Indexes for dumped tables
--

--
-- Indexes for table `customer`
--
ALTER TABLE `customer`
  ADD PRIMARY KEY (`cus_ac_code`);

--
-- Indexes for table `exchange_order`
--
ALTER TABLE `exchange_order`
  ADD PRIMARY KEY (`ex_id`),
  ADD KEY `exchange_order_ibfk_1` (`customer`),
  ADD KEY `supplier` (`supplier`);

--
-- Indexes for table `supplierr`
--
ALTER TABLE `supplierr`
  ADD PRIMARY KEY (`supp_id`);

--
-- Indexes for table `users_acc`
--
ALTER TABLE `users_acc`
  ADD PRIMARY KEY (`U_ID`),
  ADD KEY `user_role_id` (`user_role_id`);

--
-- Indexes for table `user_role`
--
ALTER TABLE `user_role`
  ADD PRIMARY KEY (`role_id`);

--
-- AUTO_INCREMENT for dumped tables
--

--
-- AUTO_INCREMENT for table `customer`
--
ALTER TABLE `customer`
  MODIFY `cus_ac_code` int(6) UNSIGNED ZEROFILL NOT NULL AUTO_INCREMENT, AUTO_INCREMENT=23;

--
-- AUTO_INCREMENT for table `exchange_order`
--
ALTER TABLE `exchange_order`
  MODIFY `ex_id` int(6) UNSIGNED ZEROFILL NOT NULL AUTO_INCREMENT, AUTO_INCREMENT=159;

--
-- AUTO_INCREMENT for table `supplierr`
--
ALTER TABLE `supplierr`
  MODIFY `supp_id` int(6) UNSIGNED ZEROFILL NOT NULL AUTO_INCREMENT, AUTO_INCREMENT=15;

--
-- AUTO_INCREMENT for table `users_acc`
--
ALTER TABLE `users_acc`
  MODIFY `U_ID` int(11) NOT NULL AUTO_INCREMENT, AUTO_INCREMENT=28;

--
-- Constraints for dumped tables
--

--
-- Constraints for table `exchange_order`
--
ALTER TABLE `exchange_order`
  ADD CONSTRAINT `exchange_order_ibfk_1` FOREIGN KEY (`customer`) REFERENCES `customer` (`cus_ac_code`),
  ADD CONSTRAINT `exchange_order_ibfk_2` FOREIGN KEY (`supplier`) REFERENCES `supplierr` (`supp_id`);

--
-- Constraints for table `users_acc`
--
ALTER TABLE `users_acc`
  ADD CONSTRAINT `users_acc_ibfk_1` FOREIGN KEY (`user_role_id`) REFERENCES `user_role` (`role_id`) ON UPDATE CASCADE;
COMMIT;

/*!40101 SET CHARACTER_SET_CLIENT=@OLD_CHARACTER_SET_CLIENT */;
/*!40101 SET CHARACTER_SET_RESULTS=@OLD_CHARACTER_SET_RESULTS */;
/*!40101 SET COLLATION_CONNECTION=@OLD_COLLATION_CONNECTION */;
